name,wert,bedeutung
ap.pilot.basic.P,0.005,Kursabweichung: zieht zum Sollkurs
ap.pilot.basic.PR,0.01,Wurzel der Kursabweichung: zieht bei kleiner Abweichung staerker
ap.pilot.basic.I,0.08,aufsummierte Kursabweichung: gleicht dauernden Versatz aus
ap.pilot.basic.D,0.22,"Drehgeschwindigkeit: bremst jede Drehung, auch zurueck zum Kurs"
ap.pilot.basic.DD,0.05,Aenderung der Drehgeschwindigkeit: reagiert frueh
ap.pilot.basic.FF,2.5,Aenderung des Sollkurses: sofort Ruder bei Kurswechsel
ap.pilot.basic.R,0.0,reaktives Glied (0 = aus)
ap.pilot.basic.Rtime,1.0,"s, Zeit fuer das reaktive Glied"
ap.pilot.basic.H,0.5,Aenderung der Kraengung: Gegenruder in der Boee (eigene Ergaenzung)
