# Version 00.17, Stand 09.10.2026. Hauptliste Motor-Controller (Neubau). Katalogwerte: JLCPCB-Teilesuche vom 05.10.2026 (Lager und Preise ändern sich). Preise in US-Dollar, Einzelpreis ab 1 Stück. Mengen aus dem Schaltplan kicad/v00.01 (Stand 09.10.2026).
Funktion;Menge;THT-Teil (Linie A);LCSC THT;Klasse THT;Lager THT;Preis THT;SMD-Gegenstück (Linie B);LCSC SMD;Klasse SMD;Lager SMD;Preis SMD;Abweichung (Grund für THT / Befund);Quelle
Endstufe;1;Pololu G2 18v25 (Modul, gesteckt);-;-;-;-;-;-;-;-;-;Modul mit eigener Platine, nicht bei JLCPCB bestückbar, Bezug Eckstein/TME;Bauteilauswahl 1
Strommessung (Hall) in Pumpenader A, bestückt;1;ACS758LCB-050B-PFF-T (Drahtform, Gehäuse CB-5);C73426;Extended;474;6.30;kein SMD-Gegenstück gefunden (nur Gehäuse CB);-;-;-;-;Versorgung 5 V, Ausgang über Teiler, Katalog nennt nur Schraubfahnen-Gehäuse, ob JLCPCB es bestückt, ungeklärt;Bauteilauswahl 2
A/D-Wandler;1;MCP3208-CI/P (DIP-16, Sockel);C1543277;Extended;10;4.27;MCP3208T-CI/SL (SOIC-16, Rolle);C626764;Extended;1088;3.32;Selbstlöten und Sockel, DIP nur 10 Stück auf Lager, SOIC reichlich;Bauteilauswahl 3
Spannungsreferenz 2,5 V;1;LM4040DIZ-2.5 (TO-92);C1575317;Extended;0 (nur Vorbestellung ab 32);0.28;LM4040D25FTA (SOT-23, ±1 %);C107244;Extended;30475;0.48;TO-92 nicht auf Lager, SOT-23 gleiche Klasse D (±1 %);Bauteilauswahl 3
Vorwiderstand RF300-Eingang 220 Ω 2 W;1;Metalloxid axial 2 W;nicht geprüft;-;-;-;nicht geprüft;-;-;-;-;2 W wegen Dauerkurzschluss (gerechnet ~0,9 W);Bauteilauswahl 4
Auswertung RF300-Eingang;1 Satz;BC337 (TO-92), 100 nF, 10 nF, 22 kΩ, 10 kΩ, 1 kΩ;nicht geprüft;-;-;-;nicht geprüft;-;-;-;-;Werte vorläufig bis zum Versuch an der alten Platine;Bauteilauswahl 4
Rechner;1;ESP32-DevKitC-32E (Modul, gesteckt);-;-;-;-;ESP32-WROOM-32E-N4 (Funkmodul, SMD);C701341;Extended;7337;3.60;Platine trägt in B das Funkmodul statt des Entwicklungsboards, Antenne an der Kante (Bauteilauswahl 5);Bauteilauswahl 5
RS422-Treiber (2 Strecken);2;MAX3488EEPA-TUDI (DIP-8, -40..+85 °C, 3,3 V);C53286052;Extended;200;1.62;MAX3488ESA-TUDI (SOP-8, -40..+85 °C);C53286186;Extended;208;0.68;3,3 V direkt am Rechner, ohne galvanische Trennung;Bauteilauswahl 6
Regler 5 V / 2 A (Elektronik und PyPilot-Einheit);2;Recom R-78B5.0-2.0 (SIP-3);nicht geprüft;-;-;-;nicht geprüft;-;-;-;-;gleicher Typ in beiden Zweigen (ein Ersatzteil), Datenblatt REV 5/2021;Bauteilauswahl 7
Überspannungsschutz;1;1.5KE20A (DO-201, klemmt 27,7 V);C1976464;Extended;308;0.16;SMDJ20A (SMC) klemmt laut Katalog bei 32,4 V;C2990194;Extended;537;0.16;SMD-Teil **nicht gleichwertig**: Klemmspannung 32,4 V liegt über der Grenze 30 V der Endstufe, Gleichwertiges SMD-Teil noch zu suchen;Bauteilauswahl 7
Leuchtdioden: grün Betrieb, rot Störung, blau WLAN, gelb A und B (Motorklemmen), rot Sicherung durch je 5-V-Zweig;7;Leuchtdioden in der Gehäusewand (Fassung);nicht geprüft;-;-;-;KT-0603R rot (0603);C2286;Basic;4787653;0.01;Montage in der Gehäusewand verlangt Drahtform, die Farben gelb/blau/grün nicht geprüft, grün/rot/blau vom Rechner über BC337 aus +5 V;Bauteilauswahl 8
Spannungsteiler Messstellen 100 kΩ 1 %;3;Metallschicht axial;nicht geprüft;-;-;-;0603WAF1003T5E (0603);C25803;Basic;22051367;0.003;THT nicht geprüft, SMD ist Basic. Je ein Teiler an Klemme A, Klemme B, Bordspannung;Bauteilauswahl 3
Spannungsteiler Messstellen 18 kΩ 1 %;3;Metallschicht axial;nicht geprüft;-;-;-;0603WAF1802T5E (0603);C25810;Basic;826606;0.004;wie oben;Bauteilauswahl 3
Selbsttest-Widerstand 100 kΩ;1;Metallschicht axial;nicht geprüft;-;-;-;0603WAF1003T5E (0603);C25803;Basic;22051367;0.003;wie oben;Bauteilauswahl 3
Temperaturfühler Endstufe (NTC mit Öse);1;TDK B57703M0103A017 (10 kΩ, 115 mm);-;-;-;-;-;-;-;-;-;bei JLCPCB nicht geprüft, Bezug DigiKey.de 3,29 €, Teiler 12 kΩ 1 %, Öse unter M2-Schraube mit Scheibe;Bauteilauswahl 1
Verpolschutz Elektronikzweig;1;Vishay SB540-E3/54 (Schottky 5 A 40 V, DO-201AD);-;-;-;-;-;-;-;-;-;Bezug Farnell 9550399 / RS 7000915, bei JLCPCB nicht geprüft;Bauteilauswahl 7
Klemmen für die vier kurzen Leitungen zum Pololu (VIN/GND, OUTA/OUTB);2;Degson DG301-5.0-02P-12-00A(H) (5,0 mm, fest eingelötet);C5371917;-;-;-;-;-;-;-;-;baugleich zu Pololu Nr. 2440, Datenblatt und 3D-Modell vorhanden, Leiter 0,75-1,5 mm²;Bauteilauswahl 9
Leitungen Pololu-Klemmen zu J3/J4 (W1-W4 im Schaltplan);4;Litze 1,5 mm² mit Aderendhülsen, mind. 20 mm;-;-;-;-;-;-;-;-;-;Ersatzmodul fertig verdrahtet mitführen;Bauteilauswahl 1
Halter Sicherung 2 A je 5-V-Zweig;2;Schurter OG/OGN 5 × 20 mm (Leiterplatte);-;-;-;-;-;-;-;-;-;genaue Nummer und Händler noch prüfen;Bauteilauswahl 7
Drossel 10 µH je 5-V-Zweig;2;Bourns RLB0914-100KL (10 µH, 2,7 A, radial);-;-;-;-;-;-;-;-;-;Bezug RS 8118799 / Mouser;Bauteilauswahl 7
Kondensator 4,7 µF 50 V X7R (3 je 5-V-Zweig);6;KEMET C320C475K5R5TA (radial, 2,54 mm);-;-;-;-;-;-;-;-;-;10 µF als 2 × 4,7 µF parallel, Bezug Mouser / RS;Bauteilauswahl 7
Elko an der Endstufe;1;Panasonic EEU-FR1V102 (1000 µF 35 V, 105 °C, 10 000 h);-;-;-;-;-;-;-;-;-;Bezug Farnell 2508152 / RS 7083841;Bauteilauswahl 7
Klemmdioden Messeingänge (A, B, Bordspannung);6;BAT85 (Schottky 30 V 200 mA, DO-34);-;-;-;-;-;-;-;-;-;Bezug RS 0300978 (Nexperia) / Distrelec 30152079 (Vishay);Bauteilauswahl 3
Taster;1;Omron B3F-4055 (12 × 12 mm, THT) mit Kappe B32;C84931;-;-;-;-;-;-;-;-;Bezug Bürklin 13G7563 / Mouser, Bedienung von außen noch offen;Bauteilauswahl 8
Abschlusswiderstände RS422;2;120 Ω 1 % 0,25 W Metallschicht axial;-;-;-;-;-;-;-;-;-;wie R25/R26 der RF300-Interfaceplatine;Bauteilauswahl 6
Schalttransistoren Display-Beleuchtung und drei Leuchtdioden;4;BC337 (TO-92);nicht geprüft;-;-;-;nicht geprüft;-;-;-;-;gleicher Typ wie im RF300-Eingang (ein Ersatzteil);Bauteilauswahl 8
Teiler Hall-Sensor 10 kΩ 1 %;2;Metallschicht axial;nicht geprüft;-;-;-;nicht geprüft;-;-;-;-;Ausgang 0,5–4,5 V wird 0,25–2,25 V (gerechnet);Bauteilauswahl 2
Teiler Temperaturfühler 12 kΩ 1 %;1;Metallschicht axial;nicht geprüft;-;-;-;nicht geprüft;-;-;-;-;von +3,3 V, Fühler nach Masse;Bauteilauswahl 1
Vorwiderstand Bezugsspannung 1 kΩ;1;Metallschicht axial;nicht geprüft;-;-;-;nicht geprüft;-;-;-;-;0,8 mA aus 3,3 V (gerechnet);Bauteilauswahl 3
Kondensatoren Messeingänge;5;Keramik radial: 680 nF (Klemme A und B) 2 Stück, 100 nF (Bordspannung, Temperatur) 2 Stück, 1 µF an der Bezugsspannung 1 Stück;nicht geprüft;-;-;-;nicht geprüft;-;-;-;-;680 nF ergibt ca. 10 ms Glättung (gerechnet);Bauteilauswahl 3
Abblock- und Entprellkondensatoren 100 nF;5;Keramik radial (Wandler, zwei RS422-Treiber, Hall-Sensor, Taster);nicht geprüft;-;-;-;nicht geprüft;-;-;-;-;-;Schaltplan
Widerstände Rechner und Bedienung;10;Metallschicht axial: 10 kΩ (PWM nach Masse, Taster, FLT) 3 Stück, 4,7 kΩ (Basis Leuchtdioden) 3 Stück, 1 kΩ (Basis Beleuchtung) 1 Stück, 180 Ω (grün, blau) 2 Stück, 330 Ω (rot) 1 Stück;nicht geprüft;-;-;-;nicht geprüft;-;-;-;-;Vorwiderstände an die gekauften Leuchtdioden anpassen;Bauteilauswahl 8
Widerstände Anzeige ohne Rechner;3;Metallschicht axial: 2,2 kΩ (gelbe Leuchtdioden) 1 Stück, 4,7 kΩ (Leuchtdioden Sicherung durch) 2 Stück;nicht geprüft;-;-;-;nicht geprüft;-;-;-;-;-;Bauteilauswahl 7 und 8
Widerstand Strombegrenzung Endstufe (VREF nach Masse);1;Wert offen (Ziel 15 A);nicht geprüft;-;-;-;nicht geprüft;-;-;-;-;Wert bei Pololu erfragen;Bauteilauswahl 10
Sockel für den Wandler;1;DIP-16;nicht geprüft;-;-;-;nicht geprüft;-;-;-;-;Wandler steckbar;Bauteilauswahl 3
Buchsenleisten für ESP32 (2 × 19), Display (20) und Pololu;-;Typen offen;nicht geprüft;-;-;-;nicht geprüft;-;-;-;-;Höhe beim Pololu größer als Klemmen plus Luft;Bauteilauswahl 10
Noch ohne Katalogprüfung;;Sicherungseinsätze 2 A träge (5 × 20 mm), Klemmen Phoenix MSTBA 2,5 …-G-5,08 mit Stecker MSTB 2,5 …-ST-5,08 (alle Anschlüsse, wie RF300-Interface), Grafik-LCD 128 × 64 ST7920 (Modul, gelb-grün, 3,3 V), Tasterkappe B32;-;-;-;-;-;-;-;-;-;Typen teils noch offen (Bauteilauswahl 10);Bauteilauswahl 7 bis 9
